site_name,link,date
TOKYO,http://www.metro.tokyo.jp/tosei/hodohappyo/press/2019/11/15/09.html,20191115
TOKYO,http://www.metro.tokyo.jp/tosei/hodohappyo/press/2019/11/15/01.html,20191115
TOKYO,http://www.metro.tokyo.jp/tosei/hodohappyo/press/2019/11/15/04.html,20191115
TOKYO,http://www.metro.tokyo.jp/tosei/hodohappyo/press/2019/11/15/05.html,20191115
TOKYO,http://www.metro.tokyo.jp/tosei/hodohappyo/press/2019/11/15/08.html,20191115
TOKYO,http://www.metro.tokyo.jp/tosei/hodohappyo/press/2019/11/15/07.html,20191115
TOKYO,http://www.metro.tokyo.jp/tosei/hodohappyo/press/2019/11/15/03.html,20191115
TOKYO,http://www.metro.tokyo.jp/tosei/hodohappyo/press/2019/11/15/06.html,20191115
TOKYO,http://www.metro.tokyo.jp/tosei/hodohappyo/press/2019/11/15/02.html,20191115
OSAKA,http://www.pref.osaka.lg.jp/hodo/index.php?site=fumin&pageId=36405,20191115
OSAKA,http://www.pref.osaka.lg.jp/hodo/index.php?site=fumin&pageId=36418,20191115
OSAKA,http://www.pref.osaka.lg.jp/hodo/index.php?site=fumin&pageId=36370,20191115
OSAKA,http://www.pref.osaka.lg.jp/hodo/index.php?site=fumin&pageId=36388,20191115
OSAKA,http://www.pref.osaka.lg.jp/hodo/index.php?site=fumin&pageId=36419,20191115
AICHI,https://www.pref.aichi.jp/soshiki/kokusai/exhibition.html,20191118
AICHI,https://www.pref.aichi.jp/soshiki/kikaku/mou2.html,20191118
AICHI,https://www.pref.aichi.jp/soshiki/jinzai/20191118.html,20191118
AICHI,https://www.pref.aichi.jp/soshiki/bosai/19gouvolunteer.html,20191118
AICHI,https://www.pref.aichi.jp/soshiki/kouku/aichi-mof-2nd.html,20191118
